Cluster,Size,X_Mean,X_Std,X_Min,X_Max,Y_Mean,Y_Std,Y_Min,Y_Max
0,103,637.2660779719175,29.633460124708638,587.5278039048235,698.5410826464473,399.3318375962638,29.396917195851394,350.6562943956095,472.0393039381411
1,112,626.0335445022473,30.81311594056223,568.2878733288446,688.82876779199,263.3733861365161,31.33971292152301,201.32880359556796,326.53235835592585
2,121,480.60429975920215,32.44574450852072,416.820261141392,542.00590149796,385.4450643326908,31.53441188537594,317.7993655113554,458.911881924506
